"name","eng","country","region","study","priority","log_avg_sr","se_sr","avg_log_mult","se_mult","CRA_Window","MSL_Window","avg_mult","sortby","display"
"2023 Non-TAP Studies","CRA Window","Overall","Overall","2023 Non-TAP Studies","Overall",-4.82151578094941,0.0188277506898303,0.389067500030781,0.0416545334941458,NA,NA,1.47560415129715,"2023 Non-TAP Studies","2023 Non-TAP Studies"
"2023 Non-TAP Studies","MSL Window","Overall","Overall","2023 Non-TAP Studies","Overall",-4.82151578094941,0.0188277506898303,0.0692324795878206,0.0544831664635554,NA,NA,1.0716853251527,"2023 Non-TAP Studies","2023 Non-TAP Studies"
"2023 TAP Studies","CRA Window","Overall","Overall","2023 TAP Studies","Overall",-4.34524023953721,0.0109917717890355,0.239734558573943,0.0242529304851187,NA,NA,1.27091175291567,"2023 TAP Studies","2023 TAP Studies"
"2023 TAP Studies","MSL Window","Overall","Overall","2023 TAP Studies","Overall",-4.34524023953721,0.0109917717890355,0.104079014195105,0.0281974177847278,NA,NA,1.10968813256626,"2023 TAP Studies","2023 TAP Studies"
"AbbVie Overall","CRA Window","Overall","Overall","AbbVie Overall","Overall",-4.48941570779984,0.00949286278190653,0.277057737894145,0.0209552457282968,NA,NA,1.31924253912212,"AbbVie Overall","AbbVie Overall"
"AbbVie Overall","MSL Window","Overall","Overall","AbbVie Overall","Overall",-4.48941570779984,0.00949286278190653,0.0908613967030615,0.0249951073124752,NA,NA,1.09511720788335,"AbbVie Overall","AbbVie Overall"
"Immunology CRA Engaged","CRA Window","Overall","Overall","Immunology","Overall",NA,NA,0.396649136522034,0.0436248834737911,NA,NA,1.48683416271662,"Immunology","Immunology"
"Immunology MSL Engaged","MSL Window","Overall","Overall","Immunology","Overall",NA,NA,0.229389292364511,0.0534731292979763,NA,NA,1.25783160795175,"Immunology","Immunology"
"Immunology Australia CRA Engaged","CRA Window","Australia","Overall","Immunology","Overall",NA,NA,-0.186998174497252,0.308333391517579,NA,NA,0.829445250538606,"Immunology","Immunology"
"Immunology Australia MSL Engaged","MSL Window","Australia","Overall","Immunology","Overall",NA,NA,0.347877421474499,0.351477641593918,NA,NA,1.41605866071844,"Immunology","Immunology"
"Immunology Canada CRA Engaged","CRA Window","Canada","Overall","Immunology","Overall",NA,NA,0.348571966271388,0.213506869132225,NA,NA,1.41704251852044,"Immunology","Immunology"
"Immunology Canada MSL Engaged","MSL Window","Canada","Overall","Immunology","Overall",NA,NA,0.132650005749307,0.32493791889042,NA,NA,1.14185028735098,"Immunology","Immunology"
"Immunology China CRA Engaged","CRA Window","China","Overall","Immunology","Overall",NA,NA,0.383556163936248,0.261740366196624,NA,NA,1.46749397037206,"Immunology","Immunology"
"Immunology China MSL Engaged","MSL Window","China","Overall","Immunology","Overall",NA,NA,-0.157987425801207,0.300708338117892,NA,NA,0.853860518512881,"Immunology","Immunology"
"Immunology Czechia CRA Engaged","CRA Window","Czechia","Overall","Immunology","Overall",NA,NA,1.16378307392516,0.511399150650447,NA,NA,3.20202388492982,"Immunology","Immunology"
"Immunology Czechia MSL Engaged","MSL Window","Czechia","Overall","Immunology","Overall",NA,NA,-0.538895613408995,0.778892789984747,NA,NA,0.583392187240911,"Immunology","Immunology"
"Immunology France CRA Engaged","CRA Window","France","Overall","Immunology","Overall",NA,NA,-0.60368920240853,0.570609538739695,NA,NA,0.546790689017856,"Immunology","Immunology"
"Immunology France MSL Engaged","MSL Window","France","Overall","Immunology","Overall",NA,NA,1.57525097014139,0.802538211104057,NA,NA,4.8319541421645,"Immunology","Immunology"
"Immunology Germany CRA Engaged","CRA Window","Germany","Overall","Immunology","Overall",NA,NA,-0.0195092602403475,0.181610371588455,NA,NA,0.980679813815839,"Immunology","Immunology"
"Immunology Germany MSL Engaged","MSL Window","Germany","Overall","Immunology","Overall",NA,NA,0.297780455638802,0.241748810802739,NA,NA,1.34686605856944,"Immunology","Immunology"
"Immunology Israel CRA Engaged","CRA Window","Israel","Overall","Immunology","Overall",NA,NA,0.335522609443301,0.513470335442679,NA,NA,1.3986711530054,"Immunology","Immunology"
"Immunology Italy CRA Engaged","CRA Window","Italy","Overall","Immunology","Overall",NA,NA,0.623943310676886,0.364803713692813,NA,NA,1.86627284454331,"Immunology","Immunology"
"Immunology Italy MSL Engaged","MSL Window","Italy","Overall","Immunology","Overall",NA,NA,1.02914209108225,0.424238576491446,NA,NA,2.79866380584861,"Immunology","Immunology"
"Immunology New Zealand CRA Engaged","CRA Window","New Zealand","Overall","Immunology","Overall",NA,NA,0.0802869606300247,0.284911281439809,NA,NA,1.08359797302106,"Immunology","Immunology"
"Immunology New Zealand MSL Engaged","MSL Window","New Zealand","Overall","Immunology","Overall",NA,NA,-0.0537318477252354,0.409745606495178,NA,NA,0.947686196642244,"Immunology","Immunology"
"Immunology Poland CRA Engaged","CRA Window","Poland","Overall","Immunology","Overall",NA,NA,0.151925744201499,0.170528210049175,NA,NA,1.16407379399364,"Immunology","Immunology"
"Immunology Poland MSL Engaged","MSL Window","Poland","Overall","Immunology","Overall",NA,NA,-0.142244928680404,0.265649212756918,NA,NA,0.867408777178673,"Immunology","Immunology"
"Immunology Portugal CRA Engaged","CRA Window","Portugal","Overall","Immunology","Overall",NA,NA,-0.0620042975373245,0.240517764623203,NA,NA,0.939878847617982,"Immunology","Immunology"
"Immunology Portugal MSL Engaged","MSL Window","Portugal","Overall","Immunology","Overall",NA,NA,0.620946197613055,0.330476902459949,NA,NA,1.86068778752467,"Immunology","Immunology"
"Immunology Puerto Rico CRA Engaged","CRA Window","Puerto Rico","Overall","Immunology","Overall",NA,NA,-0.396013296835735,0.417411083784108,NA,NA,0.672997747137398,"Immunology","Immunology"
"Immunology Puerto Rico MSL Engaged","MSL Window","Puerto Rico","Overall","Immunology","Overall",NA,NA,1.98253079141778,0.510644332298905,NA,NA,7.26109607106938,"Immunology","Immunology"
"Immunology Slovakia CRA Engaged","CRA Window","Slovakia","Overall","Immunology","Overall",NA,NA,-0.316158808746043,0.325258477933461,NA,NA,0.728943678343585,"Immunology","Immunology"
"Immunology Slovakia MSL Engaged","MSL Window","Slovakia","Overall","Immunology","Overall",NA,NA,-0.424992469829784,0.48618512995495,NA,NA,0.653774708146147,"Immunology","Immunology"
"Immunology South Africa CRA Engaged","CRA Window","South Africa","Overall","Immunology","Overall",NA,NA,0.584430350624329,0.428370636909369,NA,NA,1.79396876132796,"Immunology","Immunology"
"Immunology South Africa MSL Engaged","MSL Window","South Africa","Overall","Immunology","Overall",NA,NA,1.55415809419876,0.446444933382717,NA,NA,4.73110170600109,"Immunology","Immunology"
"Immunology South Korea CRA Engaged","CRA Window","South Korea","Overall","Immunology","Overall",NA,NA,0.178176290617796,0.2443337776217,NA,NA,1.19503597629655,"Immunology","Immunology"
"Immunology South Korea MSL Engaged","MSL Window","South Korea","Overall","Immunology","Overall",NA,NA,-0.239572782919661,0.4141550593223,NA,NA,0.786963993720365,"Immunology","Immunology"
"Immunology Spain CRA Engaged","CRA Window","Spain","Overall","Immunology","Overall",NA,NA,0.265868185054339,0.249304313614651,NA,NA,1.30456308644057,"Immunology","Immunology"
"Immunology Spain MSL Engaged","MSL Window","Spain","Overall","Immunology","Overall",NA,NA,0.363692688398539,0.299914309836935,NA,NA,1.4386320379031,"Immunology","Immunology"
"Immunology Taiwan CRA Engaged","CRA Window","Taiwan","Overall","Immunology","Overall",NA,NA,-0.387575364527712,0.28673001350616,NA,NA,0.678700482382608,"Immunology","Immunology"
"Immunology Taiwan MSL Engaged","MSL Window","Taiwan","Overall","Immunology","Overall",NA,NA,1.10881149707877,0.348654162815151,NA,NA,3.03075419284614,"Immunology","Immunology"
"Immunology Turkey CRA Engaged","CRA Window","Turkey","Overall","Immunology","Overall",NA,NA,-0.368855014957227,0.850469774306936,NA,NA,0.691525664060479,"Immunology","Immunology"
"Immunology Turkey MSL Engaged","MSL Window","Turkey","Overall","Immunology","Overall",NA,NA,2.08536307110949,0.754712458722947,NA,NA,8.04751277073812,"Immunology","Immunology"
"Immunology United Kingdom CRA Engaged","CRA Window","United Kingdom","Overall","Immunology","Overall",NA,NA,-1.63051461659981,0.822388306322072,NA,NA,0.195828771455258,"Immunology","Immunology"
"Immunology United Kingdom MSL Engaged","MSL Window","United Kingdom","Overall","Immunology","Overall",NA,NA,1.90914158655014,0.836860053853845,NA,NA,6.74729434365337,"Immunology","Immunology"
"Immunology United States of America CRA Engaged","CRA Window","United States of America","Overall","Immunology","Overall",NA,NA,0.0781589177432763,0.130751697572917,NA,NA,1.08129448189572,"Immunology","Immunology"
"Immunology United States of America MSL Engaged","MSL Window","United States of America","Overall","Immunology","Overall",NA,NA,0.460163306239652,0.198510702681628,NA,NA,1.58433269528423,"Immunology","Immunology"
"M20-370 CRA Engaged","CRA Window","Overall","Overall","M20-370","Overall",NA,NA,0.214763074714997,0.138977941778242,16,22,1.23956817712896,"Immunology >> M20-370","   M20-370"
"M20-370 MSL Engaged","MSL Window","Overall","Overall","M20-370","Overall",NA,NA,-0.0278924739022665,0.164459813504834,16,22,0.972492929549322,"Immunology >> M20-370","   M20-370"
"M20-370 Germany CRA Engaged","CRA Window","Germany","Overall","M20-370","Overall",NA,NA,0.879607862723868,0.540604080820557,16,22,2.40995448811309,"Immunology >> M20-370","   M20-370"
"M20-370 Germany MSL Engaged","MSL Window","Germany","Overall","M20-370","Overall",NA,NA,-0.673653461669729,0.525489162229047,16,22,0.509842481043676,"Immunology >> M20-370","   M20-370"
"M20-370 Japan CRA Engaged","CRA Window","Japan","Overall","M20-370","Overall",NA,NA,-0.355060853824421,0.509373799981232,16,22,0.701130775421233,"Immunology >> M20-370","   M20-370"
"M20-370 Japan MSL Engaged","MSL Window","Japan","Overall","M20-370","Overall",NA,NA,-0.36469411910015,0.858665162638885,16,22,0.694409024853137,"Immunology >> M20-370","   M20-370"
"M20-370 New Zealand CRA Engaged","CRA Window","New Zealand","Overall","M20-370","Overall",NA,NA,0.17979780247858,0.484276541116491,16,22,1.19697531321016,"Immunology >> M20-370","   M20-370"
"M20-370 Poland CRA Engaged","CRA Window","Poland","Overall","M20-370","Overall",NA,NA,1.4095511080936,0.810361873754818,16,22,4.09411717545517,"Immunology >> M20-370","   M20-370"
"M20-370 Poland MSL Engaged","MSL Window","Poland","Overall","M20-370","Overall",NA,NA,-0.277547671494798,0.627740046693331,16,22,0.75763944593716,"Immunology >> M20-370","   M20-370"
"M20-370 Spain CRA Engaged","CRA Window","Spain","Overall","M20-370","Overall",NA,NA,1.11957586177312,0.813664544441715,16,22,3.06355455709987,"Immunology >> M20-370","   M20-370"
"M20-370 Spain MSL Engaged","MSL Window","Spain","Overall","M20-370","Overall",NA,NA,0.44685163046207,0.678681791648976,16,22,1.56338232376481,"Immunology >> M20-370","   M20-370"
"M20-370 United States of America CRA Engaged","CRA Window","United States of America","Overall","M20-370","Overall",NA,NA,0.274099854765552,0.383588390637554,16,22,1.31534613926166,"Immunology >> M20-370","   M20-370"
"M20-370 United States of America MSL Engaged","MSL Window","United States of America","Overall","M20-370","Overall",NA,NA,-0.2848757274915,0.442802886348116,16,22,0.75210771482436,"Immunology >> M20-370","   M20-370"
"M20-466 CRA Engaged","CRA Window","Overall","Overall","M20-466","Overall",NA,NA,0.442225364480081,0.095900502779462,12,25,1.5561664055518,"Immunology >> M20-466","   M20-466"
"M20-466 MSL Engaged","MSL Window","Overall","Overall","M20-466","Overall",NA,NA,0.474832950608044,0.124960224727994,12,25,1.60774560212681,"Immunology >> M20-466","   M20-466"
"M20-466 Czechia CRA Engaged","CRA Window","Czechia","Overall","M20-466","Overall",NA,NA,1.1616779157684,0.525172568893388,12,25,3.1952902084441,"Immunology >> M20-466","   M20-466"
"M20-466 Czechia MSL Engaged","MSL Window","Czechia","Overall","M20-466","Overall",NA,NA,-1.35404802536178,0.830506351950189,12,25,0.258192970654344,"Immunology >> M20-466","   M20-466"
"M20-466 Germany CRA Engaged","CRA Window","Germany","Overall","M20-466","Overall",NA,NA,-0.141005318639298,0.543838574662723,12,25,0.868484692528569,"Immunology >> M20-466","   M20-466"
"M20-466 Germany MSL Engaged","MSL Window","Germany","Overall","M20-466","Overall",NA,NA,0.648313604994764,0.613755775953216,12,25,1.91231319282722,"Immunology >> M20-466","   M20-466"
"M20-466 Poland CRA Engaged","CRA Window","Poland","Overall","M20-466","Overall",NA,NA,1.37725893718447,0.758653578591782,12,25,3.96402109137722,"Immunology >> M20-466","   M20-466"
"M20-466 Poland MSL Engaged","MSL Window","Poland","Overall","M20-466","Overall",NA,NA,-0.521893036025978,0.566866934526976,12,25,0.593396163740407,"Immunology >> M20-466","   M20-466"
"M20-466 Spain CRA Engaged","CRA Window","Spain","Overall","M20-466","Overall",NA,NA,0.996557539196594,0.541830900052782,12,25,2.70894033789466,"Immunology >> M20-466","   M20-466"
"M20-466 Spain MSL Engaged","MSL Window","Spain","Overall","M20-466","Overall",NA,NA,-0.44881963609331,0.689552297255927,12,25,0.638381229243223,"Immunology >> M20-466","   M20-466"
"M20-466 United States of America CRA Engaged","CRA Window","United States of America","Overall","M20-466","Overall",NA,NA,0.00297787221778498,0.215369782921142,12,25,1.00298231048369,"Immunology >> M20-466","   M20-466"
"M20-466 United States of America MSL Engaged","MSL Window","United States of America","Overall","M20-466","Overall",NA,NA,-0.0737942935178337,0.368239627788573,12,25,0.928862747278306,"Immunology >> M20-466","   M20-466"
"M22-000 CRA Engaged","CRA Window","Overall","Overall","M22-000","Overall",NA,NA,0.240757857719044,0.108812585941403,25,28,1.27221294146495,"Immunology >> M22-000","   M22-000"
"M22-000 MSL Engaged","MSL Window","Overall","Overall","M22-000","Overall",NA,NA,0.333954070868913,0.191044401720914,25,28,1.39647900303437,"Immunology >> M22-000","   M22-000"
"M22-000 Australia CRA Engaged","CRA Window","Australia","Overall","M22-000","Overall",NA,NA,-0.477091598952681,0.613274070160856,25,28,0.620585681691395,"Immunology >> M22-000","   M22-000"
"M22-000 Australia MSL Engaged","MSL Window","Australia","Overall","M22-000","Overall",NA,NA,-0.163998026923801,0.922460341027709,25,28,0.848743696514541,"Immunology >> M22-000","   M22-000"
"M22-000 Germany CRA Engaged","CRA Window","Germany","Overall","M22-000","Overall",NA,NA,-0.631391490150696,0.323969550160069,25,28,0.531851220136443,"Immunology >> M22-000","   M22-000"
"M22-000 Germany MSL Engaged","MSL Window","Germany","Overall","M22-000","Overall",NA,NA,0.466951015678288,0.581484167675587,25,28,1.59512326547204,"Immunology >> M22-000","   M22-000"
"M22-000 Japan CRA Engaged","CRA Window","Japan","Overall","M22-000","Overall",NA,NA,-0.25003058670916,0.525968484926739,25,28,0.778776962482658,"Immunology >> M22-000","   M22-000"
"M22-000 Japan MSL Engaged","MSL Window","Japan","Overall","M22-000","Overall",NA,NA,0.9876103651294,0.868517028093633,25,28,2.68481108244408,"Immunology >> M22-000","   M22-000"
"M22-000 New Zealand CRA Engaged","CRA Window","New Zealand","Overall","M22-000","Overall",NA,NA,0.455818614055214,0.380165637555807,25,28,1.57746418898266,"Immunology >> M22-000","   M22-000"
"M22-000 New Zealand MSL Engaged","MSL Window","New Zealand","Overall","M22-000","Overall",NA,NA,0.115813738373743,0.637985108673519,25,28,1.12278672057489,"Immunology >> M22-000","   M22-000"
"M22-000 Spain CRA Engaged","CRA Window","Spain","Overall","M22-000","Overall",NA,NA,0.269019925894358,0.516227274370858,25,28,1.30868121743036,"Immunology >> M22-000","   M22-000"
"M22-000 Spain MSL Engaged","MSL Window","Spain","Overall","M22-000","Overall",NA,NA,0.206713581778666,0.749175288080605,25,28,1.22963033280651,"Immunology >> M22-000","   M22-000"
"M23-696 CRA Engaged","CRA Window","Overall","Overall","M23-696","Overall",NA,NA,0.497615250466325,0.0663738464143915,27,31,1.64479416785813,"Immunology >> M23-696","   M23-696"
"M23-696 MSL Engaged","MSL Window","Overall","Overall","M23-696","Overall",NA,NA,0.178486713440344,0.0741855409498221,27,31,1.19540700032154,"Immunology >> M23-696","   M23-696"
"M23-696 Australia CRA Engaged","CRA Window","Australia","Overall","M23-696","Overall",NA,NA,-0.327187357866457,0.473205555609128,27,31,0.720948654970277,"Immunology >> M23-696","   M23-696"
"M23-696 Australia MSL Engaged","MSL Window","Australia","Overall","M23-696","Overall",NA,NA,0.955869206456113,0.511884420359095,27,31,2.60093034612562,"Immunology >> M23-696","   M23-696"
"M23-696 Bulgaria CRA Engaged","CRA Window","Bulgaria","Overall","M23-696","Overall",NA,NA,-1.43619677848291,0.77732099157718,27,31,0.237830563126365,"Immunology >> M23-696","   M23-696"
"M23-696 Bulgaria MSL Engaged","MSL Window","Bulgaria","Overall","M23-696","Overall",NA,NA,0.983042981990192,0.533309302804142,27,31,2.67257648289483,"Immunology >> M23-696","   M23-696"
"M23-696 Canada CRA Engaged","CRA Window","Canada","Overall","M23-696","Overall",NA,NA,-0.0817649377359358,0.331748983300444,27,31,0.921488540422877,"Immunology >> M23-696","   M23-696"
"M23-696 Canada MSL Engaged","MSL Window","Canada","Overall","M23-696","Overall",NA,NA,0.65433904596347,0.468927260125496,27,31,1.92387050707509,"Immunology >> M23-696","   M23-696"
"M23-696 China CRA Engaged","CRA Window","China","Overall","M23-696","Overall",NA,NA,0.00236993886115742,0.325350027100399,27,31,1.00237274938608,"Immunology >> M23-696","   M23-696"
"M23-696 China MSL Engaged","MSL Window","China","Overall","M23-696","Overall",NA,NA,0.322984796053976,0.385597760853035,27,31,1.38124435038144,"Immunology >> M23-696","   M23-696"
"M23-696 Germany CRA Engaged","CRA Window","Germany","Overall","M23-696","Overall",NA,NA,-0.142151372221228,0.30692862974421,27,31,0.867489932668775,"Immunology >> M23-696","   M23-696"
"M23-696 Germany MSL Engaged","MSL Window","Germany","Overall","M23-696","Overall",NA,NA,0.479669389699532,0.378769731493233,27,31,1.6155401996605,"Immunology >> M23-696","   M23-696"
"M23-696 Hungary CRA Engaged","CRA Window","Hungary","Overall","M23-696","Overall",NA,NA,-0.394234744683494,0.350198343090501,27,31,0.674195773789658,"Immunology >> M23-696","   M23-696"
"M23-696 Hungary MSL Engaged","MSL Window","Hungary","Overall","M23-696","Overall",NA,NA,0.415242593305292,0.495322906933959,27,31,1.51473816146058,"Immunology >> M23-696","   M23-696"
"M23-696 Italy CRA Engaged","CRA Window","Italy","Overall","M23-696","Overall",NA,NA,0.469516211797935,0.534414981469129,27,31,1.59922032211326,"Immunology >> M23-696","   M23-696"
"M23-696 Italy MSL Engaged","MSL Window","Italy","Overall","M23-696","Overall",NA,NA,1.10645340264456,0.630306332022013,27,31,3.02361580805306,"Immunology >> M23-696","   M23-696"
"M23-696 Japan CRA Engaged","CRA Window","Japan","Overall","M23-696","Overall",NA,NA,-0.338785894312324,0.468348943784835,27,31,0.712635011965618,"Immunology >> M23-696","   M23-696"
"M23-696 Japan MSL Engaged","MSL Window","Japan","Overall","M23-696","Overall",NA,NA,0.117630503828133,0.673121868153417,27,31,1.12482841477966,"Immunology >> M23-696","   M23-696"
"M23-696 Poland CRA Engaged","CRA Window","Poland","Overall","M23-696","Overall",NA,NA,-0.302743694926695,0.290218263902297,27,31,0.738788427328227,"Immunology >> M23-696","   M23-696"
"M23-696 Poland MSL Engaged","MSL Window","Poland","Overall","M23-696","Overall",NA,NA,0.380797360540314,0.390236058884884,27,31,1.46345102243657,"Immunology >> M23-696","   M23-696"
"M23-696 Portugal CRA Engaged","CRA Window","Portugal","Overall","M23-696","Overall",NA,NA,-0.282310849757283,0.334065765152904,27,31,0.754039255179369,"Immunology >> M23-696","   M23-696"
"M23-696 Portugal MSL Engaged","MSL Window","Portugal","Overall","M23-696","Overall",NA,NA,0.952081026331158,0.414264970235113,27,31,2.59109619201586,"Immunology >> M23-696","   M23-696"
"M23-696 Puerto Rico CRA Engaged","CRA Window","Puerto Rico","Overall","M23-696","Overall",NA,NA,-1.38490308026166,0.606971716134403,27,31,0.250348062284609,"Immunology >> M23-696","   M23-696"
"M23-696 Puerto Rico MSL Engaged","MSL Window","Puerto Rico","Overall","M23-696","Overall",NA,NA,3.08877629345902,0.820647998903295,27,31,21.9502009298553,"Immunology >> M23-696","   M23-696"
"M23-696 Slovakia CRA Engaged","CRA Window","Slovakia","Overall","M23-696","Overall",NA,NA,-0.732804523221562,0.557032597929159,27,31,0.480559358557912,"Immunology >> M23-696","   M23-696"
"M23-696 Slovakia MSL Engaged","MSL Window","Slovakia","Overall","M23-696","Overall",NA,NA,-0.671089935833973,0.596264989628462,27,31,0.511151152105357,"Immunology >> M23-696","   M23-696"
"M23-696 South Africa CRA Engaged","CRA Window","South Africa","Overall","M23-696","Overall",NA,NA,-0.0144582368839878,0.47442657037357,27,31,0.985645781511954,"Immunology >> M23-696","   M23-696"
"M23-696 South Africa MSL Engaged","MSL Window","South Africa","Overall","M23-696","Overall",NA,NA,1.88601426939401,0.51346434271145,27,31,6.59303816872042,"Immunology >> M23-696","   M23-696"
"M23-696 South Korea CRA Engaged","CRA Window","South Korea","Overall","M23-696","Overall",NA,NA,-0.163189903753101,0.342956742438358,27,31,0.849429863177927,"Immunology >> M23-696","   M23-696"
"M23-696 South Korea MSL Engaged","MSL Window","South Korea","Overall","M23-696","Overall",NA,NA,-0.0531341674421736,0.537706224683205,27,31,0.948252779297281,"Immunology >> M23-696","   M23-696"
"M23-696 Spain CRA Engaged","CRA Window","Spain","Overall","M23-696","Overall",NA,NA,-0.82971029190523,0.430242535999168,27,31,0.436175631630247,"Immunology >> M23-696","   M23-696"
"M23-696 Spain MSL Engaged","MSL Window","Spain","Overall","M23-696","Overall",NA,NA,0.737078230693259,0.471599781670627,27,31,2.08982061195659,"Immunology >> M23-696","   M23-696"
"M23-696 Taiwan CRA Engaged","CRA Window","Taiwan","Overall","M23-696","Overall",NA,NA,-0.613474240636524,0.402240047392964,27,31,0.541466412828008,"Immunology >> M23-696","   M23-696"
"M23-696 Taiwan MSL Engaged","MSL Window","Taiwan","Overall","M23-696","Overall",NA,NA,1.4394402647935,0.447354952043952,27,31,4.21833400600791,"Immunology >> M23-696","   M23-696"
"M23-696 Turkey CRA Engaged","CRA Window","Turkey","Overall","M23-696","Overall",NA,NA,-0.828078413264202,0.823483299972464,27,31,0.436887998417226,"Immunology >> M23-696","   M23-696"
"M23-696 Turkey MSL Engaged","MSL Window","Turkey","Overall","M23-696","Overall",NA,NA,2.26649838223623,0.75036501512739,27,31,9.64556652418599,"Immunology >> M23-696","   M23-696"
"M23-696 United States of America CRA Engaged","CRA Window","United States of America","Overall","M23-696","Overall",NA,NA,-0.0848525356213295,0.274826432843392,27,31,0.918647742232135,"Immunology >> M23-696","   M23-696"
"M23-696 United States of America MSL Engaged","MSL Window","United States of America","Overall","M23-696","Overall",NA,NA,0.618671986109986,0.347432998454599,27,31,1.856460998083,"Immunology >> M23-696","   M23-696"
"M23-698 CRA Engaged","CRA Window","Overall","Overall","M23-698","Overall",NA,NA,0.338497847070053,0.187199121479572,18,19,1.40283872873704,"Immunology >> M23-698","   M23-698"
"M23-698 MSL Engaged","MSL Window","Overall","Overall","M23-698","Overall",NA,NA,0.368706319968665,0.198896026871974,18,19,1.44586292024955,"Immunology >> M23-698","   M23-698"
"M23-698 United States of America CRA Engaged","CRA Window","United States of America","Overall","M23-698","Overall",NA,NA,0.254201923385188,0.474521459947938,18,19,1.28943214448612,"Immunology >> M23-698","   M23-698"
"M23-698 United States of America MSL Engaged","MSL Window","United States of America","Overall","M23-698","Overall",NA,NA,0.424440448330311,0.437511494146093,18,19,1.52873477420136,"Immunology >> M23-698","   M23-698"
"M23-699 CRA Engaged","CRA Window","Overall","Overall","M23-699","Overall",NA,NA,0.232433191133663,0.23562830579586,22,25,1.26166615305787,"Immunology >> M23-699","   M23-699"
"M23-699 MSL Engaged","MSL Window","Overall","Overall","M23-699","Overall",NA,NA,-0.0819939973807164,0.326377256666412,22,25,0.921277488757771,"Immunology >> M23-699","   M23-699"
"M23-700 CRA Engaged","CRA Window","Overall","Overall","M23-700","Overall",NA,NA,0.663434323866135,0.388328818573795,17,28,1.94144846099711,"Immunology >> M23-700","   M23-700"
"M23-700 MSL Engaged","MSL Window","Overall","Overall","M23-700","Overall",NA,NA,0.575431745125444,0.316861112681307,17,28,1.77789796001214,"Immunology >> M23-700","   M23-700"
"Neuroscience CRA Engaged","CRA Window","Overall","Overall","Neuroscience","Overall",NA,NA,0.0693614123182392,0.0613518585620703,NA,NA,1.07182350937586,"Neuroscience","Neuroscience"
"Neuroscience MSL Engaged","MSL Window","Overall","Overall","Neuroscience","Overall",NA,NA,0.065652864577605,0.0905533690814569,NA,NA,1.06785596218813,"Neuroscience","Neuroscience"
"M21-307 CRA Engaged","CRA Window","Overall","Overall","M21-307","Overall",NA,NA,0.0693614123182392,0.0613518585620703,22,73,1.07182350937586,"Neuroscience >> M21-307","   M21-307"
"M21-307 MSL Engaged","MSL Window","Overall","Overall","M21-307","Overall",NA,NA,0.065652864577605,0.0905533690814569,22,73,1.06785596218813,"Neuroscience >> M21-307","   M21-307"
"Oncology CRA Engaged","CRA Window","Overall","Overall","Oncology","Overall",NA,NA,0.257954829175976,0.0279027746688273,NA,NA,1.2942803535937,"Oncology","Oncology"
"Oncology MSL Engaged","MSL Window","Overall","Overall","Oncology","Overall",NA,NA,0.061374043791195,0.0314818762781903,NA,NA,1.06329655929042,"Oncology","Oncology"
"Oncology Australia CRA Engaged","CRA Window","Australia","Overall","Oncology","Overall",NA,NA,-0.541905355852518,0.217891193017524,NA,NA,0.581638966708346,"Oncology","Oncology"
"Oncology Australia MSL Engaged","MSL Window","Australia","Overall","Oncology","Overall",NA,NA,0.351359484902868,0.317111255065069,NA,NA,1.42099806145593,"Oncology","Oncology"
"Oncology Austria CRA Engaged","CRA Window","Austria","Overall","Oncology","Overall",NA,NA,-0.474965115794159,0.254796814685661,NA,NA,0.621906750809732,"Oncology","Oncology"
"Oncology Austria MSL Engaged","MSL Window","Austria","Overall","Oncology","Overall",NA,NA,1.21025044445178,0.330258980177164,NA,NA,3.35432461935252,"Oncology","Oncology"
"Oncology Belgium CRA Engaged","CRA Window","Belgium","Overall","Oncology","Overall",NA,NA,-0.503151248561573,0.210016960301368,NA,NA,0.604622339218963,"Oncology","Oncology"
"Oncology Belgium MSL Engaged","MSL Window","Belgium","Overall","Oncology","Overall",NA,NA,0.318337123882995,0.411313141496451,NA,NA,1.37483967439888,"Oncology","Oncology"
"Oncology Brazil CRA Engaged","CRA Window","Brazil","Overall","Oncology","Overall",NA,NA,-0.451434661454238,0.242839318408123,NA,NA,0.636714026976992,"Oncology","Oncology"
"Oncology Brazil MSL Engaged","MSL Window","Brazil","Overall","Oncology","Overall",NA,NA,0.414992452693243,0.327604373169121,NA,NA,1.51435931131465,"Oncology","Oncology"
"Oncology Canada CRA Engaged","CRA Window","Canada","Overall","Oncology","Overall",NA,NA,-0.138907994375796,0.268937569061211,NA,NA,0.870308098014578,"Oncology","Oncology"
"Oncology Canada MSL Engaged","MSL Window","Canada","Overall","Oncology","Overall",NA,NA,1.01296646316033,0.358897283202202,NA,NA,2.75375783174749,"Oncology","Oncology"
"Oncology China CRA Engaged","CRA Window","China","Overall","Oncology","Overall",NA,NA,-0.230053066842087,0.143360103357821,NA,NA,0.794491440232836,"Oncology","Oncology"
"Oncology China MSL Engaged","MSL Window","China","Overall","Oncology","Overall",NA,NA,0.42648725717537,0.271604393342515,NA,NA,1.53186700650582,"Oncology","Oncology"
"Oncology Croatia CRA Engaged","CRA Window","Croatia","Overall","Oncology","Overall",NA,NA,-0.566999319398923,0.465974451808345,NA,NA,0.567224948480663,"Oncology","Oncology"
"Oncology Czechia CRA Engaged","CRA Window","Czechia","Overall","Oncology","Overall",NA,NA,-0.141418853060993,0.229577585673973,NA,NA,0.868125618463353,"Oncology","Oncology"
"Oncology Czechia MSL Engaged","MSL Window","Czechia","Overall","Oncology","Overall",NA,NA,0.163256546868546,0.387588512872756,NA,NA,1.17733869350278,"Oncology","Oncology"
"Oncology Denmark CRA Engaged","CRA Window","Denmark","Overall","Oncology","Overall",NA,NA,-0.51844494818094,0.524395284624233,NA,NA,0.595445777433216,"Oncology","Oncology"
"Oncology Denmark MSL Engaged","MSL Window","Denmark","Overall","Oncology","Overall",NA,NA,-0.483377669056411,0.622650837996225,NA,NA,0.616696872061302,"Oncology","Oncology"
"Oncology France CRA Engaged","CRA Window","France","Overall","Oncology","Overall",NA,NA,-0.373001345066141,0.187540576629956,NA,NA,0.688664306544291,"Oncology","Oncology"
"Oncology France MSL Engaged","MSL Window","France","Overall","Oncology","Overall",NA,NA,0.311225285144451,0.298048408406024,NA,NA,1.36509672255945,"Oncology","Oncology"
"Oncology Germany CRA Engaged","CRA Window","Germany","Overall","Oncology","Overall",NA,NA,-0.380515982383137,0.202591017129926,NA,NA,0.683508639791925,"Oncology","Oncology"
"Oncology Germany MSL Engaged","MSL Window","Germany","Overall","Oncology","Overall",NA,NA,0.979938797949595,0.305099668595879,NA,NA,2.66429317673421,"Oncology","Oncology"
"Oncology Greece CRA Engaged","CRA Window","Greece","Overall","Oncology","Overall",NA,NA,-0.0720470689641646,0.245573154255588,NA,NA,0.93048709771659,"Oncology","Oncology"
"Oncology Greece MSL Engaged","MSL Window","Greece","Overall","Oncology","Overall",NA,NA,0.183414259850917,0.355065500879768,NA,NA,1.20131196032935,"Oncology","Oncology"
"Oncology Hungary CRA Engaged","CRA Window","Hungary","Overall","Oncology","Overall",NA,NA,0.137997320212272,0.44475066854465,NA,NA,1.14797247394751,"Oncology","Oncology"
"Oncology Hungary MSL Engaged","MSL Window","Hungary","Overall","Oncology","Overall",NA,NA,0.0295998813752364,0.495073574876178,NA,NA,1.03004231237677,"Oncology","Oncology"
"Oncology Israel CRA Engaged","CRA Window","Israel","Overall","Oncology","Overall",NA,NA,-0.414238817724131,0.180361852289554,NA,NA,0.660843111371315,"Oncology","Oncology"
"Oncology Israel MSL Engaged","MSL Window","Israel","Overall","Oncology","Overall",NA,NA,0.233290573565172,0.302297856165448,NA,NA,1.2627483473128,"Oncology","Oncology"
"Oncology Italy CRA Engaged","CRA Window","Italy","Overall","Oncology","Overall",NA,NA,-0.590004991717434,0.180560656725532,NA,NA,0.554324517696242,"Oncology","Oncology"
"Oncology Italy MSL Engaged","MSL Window","Italy","Overall","Oncology","Overall",NA,NA,0.501357177255579,0.291116357529018,NA,NA,1.65096039681133,"Oncology","Oncology"
"Oncology Japan CRA Engaged","CRA Window","Japan","Overall","Oncology","Overall",NA,NA,-0.229789280646475,0.153018979388143,NA,NA,0.794701043751344,"Oncology","Oncology"
"Oncology Japan MSL Engaged","MSL Window","Japan","Overall","Oncology","Overall",NA,NA,0.679418506989274,0.281157054984309,NA,NA,1.97273026977816,"Oncology","Oncology"
"Oncology Netherlands CRA Engaged","CRA Window","Netherlands","Overall","Oncology","Overall",NA,NA,-0.378810739507075,0.24117577316109,NA,NA,0.684675182367187,"Oncology","Oncology"
"Oncology Netherlands MSL Engaged","MSL Window","Netherlands","Overall","Oncology","Overall",NA,NA,0.29931080016436,0.372733761916568,NA,NA,1.34892880562309,"Oncology","Oncology"
"Oncology New Zealand CRA Engaged","CRA Window","New Zealand","Overall","Oncology","Overall",NA,NA,1.41671759627787,0.680559981158221,NA,NA,4.12356300338255,"Oncology","Oncology"
"Oncology New Zealand MSL Engaged","MSL Window","New Zealand","Overall","Oncology","Overall",NA,NA,0.944692467977322,0.697316323089343,NA,NA,2.57202227773669,"Oncology","Oncology"
"Oncology Poland CRA Engaged","CRA Window","Poland","Overall","Oncology","Overall",NA,NA,-0.597291533927024,0.238914826664938,NA,NA,0.550300088592474,"Oncology","Oncology"
"Oncology Poland MSL Engaged","MSL Window","Poland","Overall","Oncology","Overall",NA,NA,0.571001767750263,0.381922747953348,NA,NA,1.77003933189821,"Oncology","Oncology"
"Oncology South Korea CRA Engaged","CRA Window","South Korea","Overall","Oncology","Overall",NA,NA,-0.443234729353159,0.192659048069208,NA,NA,0.641956503366402,"Oncology","Oncology"
"Oncology South Korea MSL Engaged","MSL Window","South Korea","Overall","Oncology","Overall",NA,NA,0.320753262058768,0.309305187264854,NA,NA,1.37816549322274,"Oncology","Oncology"
"Oncology Spain CRA Engaged","CRA Window","Spain","Overall","Oncology","Overall",NA,NA,-0.290701721461135,0.163663725836433,NA,NA,0.747738679158883,"Oncology","Oncology"
"Oncology Spain MSL Engaged","MSL Window","Spain","Overall","Oncology","Overall",NA,NA,0.406822312752093,0.282019453352893,NA,NA,1.50203718909443,"Oncology","Oncology"
"Oncology Switzerland CRA Engaged","CRA Window","Switzerland","Overall","Oncology","Overall",NA,NA,-0.422553039254273,0.470194832398386,NA,NA,0.655371492989731,"Oncology","Oncology"
"Oncology Taiwan CRA Engaged","CRA Window","Taiwan","Overall","Oncology","Overall",NA,NA,-0.701010224902564,0.182461568174965,NA,NA,0.496083894262112,"Oncology","Oncology"
"Oncology Taiwan MSL Engaged","MSL Window","Taiwan","Overall","Oncology","Overall",NA,NA,0.191322486837427,0.308486061805987,NA,NA,1.21084987227114,"Oncology","Oncology"
"Oncology Turkey CRA Engaged","CRA Window","Turkey","Overall","Oncology","Overall",NA,NA,-0.401666673832594,0.204347385045974,NA,NA,0.669203771646505,"Oncology","Oncology"
"Oncology Turkey MSL Engaged","MSL Window","Turkey","Overall","Oncology","Overall",NA,NA,0.217046762515665,0.360123534260829,NA,NA,1.24240219863166,"Oncology","Oncology"
"Oncology United Kingdom CRA Engaged","CRA Window","United Kingdom","Overall","Oncology","Overall",NA,NA,-0.446733687380326,0.225132460566769,NA,NA,0.639714249569422,"Oncology","Oncology"
"Oncology United Kingdom MSL Engaged","MSL Window","United Kingdom","Overall","Oncology","Overall",NA,NA,0.341262846535175,0.333969170609736,NA,NA,1.4067229445243,"Oncology","Oncology"
"Oncology United States of America CRA Engaged","CRA Window","United States of America","Overall","Oncology","Overall",NA,NA,-0.264995554038615,0.158877518004737,NA,NA,0.767209360951466,"Oncology","Oncology"
"Oncology United States of America MSL Engaged","MSL Window","United States of America","Overall","Oncology","Overall",NA,NA,0.484649982740901,0.280901305923522,NA,NA,1.62360661903826,"Oncology","Oncology"
"M13-494 CRA Engaged","CRA Window","Overall","Overall","M13-494","Overall",NA,NA,0.5055518819041,0.174736767122322,13,30,1.65790023316843,"Oncology >> M13-494","   M13-494"
"M13-494 MSL Engaged","MSL Window","Overall","Overall","M13-494","Overall",NA,NA,-0.389845777166882,0.2711820398577,13,30,0.677161300179737,"Oncology >> M13-494","   M13-494"
"M13-494 United Kingdom CRA Engaged","CRA Window","United Kingdom","Overall","M13-494","Overall",NA,NA,0.203381540754977,0.588727639656487,13,30,1.22553997250223,"Oncology >> M13-494","   M13-494"
"M13-494 United Kingdom MSL Engaged","MSL Window","United Kingdom","Overall","M13-494","Overall",NA,NA,0.62518336074395,0.842341539831626,13,30,1.86858855180908,"Oncology >> M13-494","   M13-494"
"M14-239 CRA Engaged","CRA Window","Overall","Overall","M14-239","Overall",NA,NA,0.274364328762283,0.058504916630406,14,36,1.31569406011817,"Oncology >> M14-239","   M14-239"
"M14-239 MSL Engaged","MSL Window","Overall","Overall","M14-239","Overall",NA,NA,-0.116145279943012,0.077437715802641,14,36,0.890345864504625,"Oncology >> M14-239","   M14-239"
"M14-239 Australia CRA Engaged","CRA Window","Australia","Overall","M14-239","Overall",NA,NA,-0.378614507619371,0.444122085209263,14,36,0.684809550653927,"Oncology >> M14-239","   M14-239"
"M14-239 Australia MSL Engaged","MSL Window","Australia","Overall","M14-239","Overall",NA,NA,-0.860571024563906,0.674477009022016,14,36,0.422920515351131,"Oncology >> M14-239","   M14-239"
"M14-239 Canada CRA Engaged","CRA Window","Canada","Overall","M14-239","Overall",NA,NA,0.0633904555161793,0.492208173669428,14,36,1.06544276603073,"Oncology >> M14-239","   M14-239"
"M14-239 Canada MSL Engaged","MSL Window","Canada","Overall","M14-239","Overall",NA,NA,0.545914119556964,0.565982954129851,14,36,1.72618560140042,"Oncology >> M14-239","   M14-239"
"M14-239 China CRA Engaged","CRA Window","China","Overall","M14-239","Overall",NA,NA,-0.28882268622382,0.199041288834831,14,36,0.749145027360448,"Oncology >> M14-239","   M14-239"
"M14-239 China MSL Engaged","MSL Window","China","Overall","M14-239","Overall",NA,NA,-0.157108001003129,0.290240451195901,14,36,0.854611754906502,"Oncology >> M14-239","   M14-239"
"M14-239 France CRA Engaged","CRA Window","France","Overall","M14-239","Overall",NA,NA,-0.110195917258864,0.238384240359601,14,36,0.895658643119879,"Oncology >> M14-239","   M14-239"
"M14-239 France MSL Engaged","MSL Window","France","Overall","M14-239","Overall",NA,NA,-0.163057450878692,0.333195441052661,14,36,0.849542380056342,"Oncology >> M14-239","   M14-239"
"M14-239 Germany CRA Engaged","CRA Window","Germany","Overall","M14-239","Overall",NA,NA,0.0614048095664746,0.506314070393709,14,36,1.06332927293665,"Oncology >> M14-239","   M14-239"
"M14-239 Germany MSL Engaged","MSL Window","Germany","Overall","M14-239","Overall",NA,NA,2.42050899383656,0.648101215368403,14,36,11.2515848449661,"Oncology >> M14-239","   M14-239"
"M14-239 Israel CRA Engaged","CRA Window","Israel","Overall","M14-239","Overall",NA,NA,-0.175715379572785,0.242944678902614,14,36,0.838856705116698,"Oncology >> M14-239","   M14-239"
"M14-239 Israel MSL Engaged","MSL Window","Israel","Overall","M14-239","Overall",NA,NA,-0.737781669978806,0.411328582480462,14,36,0.478173486447851,"Oncology >> M14-239","   M14-239"
"M14-239 Italy CRA Engaged","CRA Window","Italy","Overall","M14-239","Overall",NA,NA,-0.314798696939529,0.279199865622074,14,36,0.729935797790526,"Oncology >> M14-239","   M14-239"
"M14-239 Italy MSL Engaged","MSL Window","Italy","Overall","M14-239","Overall",NA,NA,0.213484710992411,0.360273324202811,14,36,1.2379845705679,"Oncology >> M14-239","   M14-239"
"M14-239 South Korea CRA Engaged","CRA Window","South Korea","Overall","M14-239","Overall",NA,NA,-0.401010490690676,0.272797010031427,14,36,0.669643035983132,"Oncology >> M14-239","   M14-239"
"M14-239 South Korea MSL Engaged","MSL Window","South Korea","Overall","M14-239","Overall",NA,NA,-0.703405683896009,0.453016248142556,14,36,0.494896967820479,"Oncology >> M14-239","   M14-239"
"M14-239 Spain CRA Engaged","CRA Window","Spain","Overall","M14-239","Overall",NA,NA,-0.18504764540294,0.206033282216193,14,36,0.83106468649696,"Oncology >> M14-239","   M14-239"
"M14-239 Spain MSL Engaged","MSL Window","Spain","Overall","M14-239","Overall",NA,NA,-0.0773996118817134,0.324179509598542,14,36,0.925519930937506,"Oncology >> M14-239","   M14-239"
"M14-239 Taiwan CRA Engaged","CRA Window","Taiwan","Overall","M14-239","Overall",NA,NA,-0.502781685207334,0.337991342753659,14,36,0.604845826772554,"Oncology >> M14-239","   M14-239"
"M14-239 Taiwan MSL Engaged","MSL Window","Taiwan","Overall","M14-239","Overall",NA,NA,-0.11708512730804,0.465173296104902,14,36,0.889509468393814,"Oncology >> M14-239","   M14-239"
"M14-239 United Kingdom CRA Engaged","CRA Window","United Kingdom","Overall","M14-239","Overall",NA,NA,-0.458930901513854,0.299823793321471,14,36,0.631958910794898,"Oncology >> M14-239","   M14-239"
"M14-239 United Kingdom MSL Engaged","MSL Window","United Kingdom","Overall","M14-239","Overall",NA,NA,-0.862145176831703,0.505466047907383,14,36,0.422255297777035,"Oncology >> M14-239","   M14-239"
"M14-239 United States of America CRA Engaged","CRA Window","United States of America","Overall","M14-239","Overall",NA,NA,-0.142356199067707,0.541026155161767,14,36,0.867312265637624,"Oncology >> M14-239","   M14-239"
"M14-239 United States of America MSL Engaged","MSL Window","United States of America","Overall","M14-239","Overall",NA,NA,1.42123452159382,0.677662584768336,14,36,4.14223095864473,"Oncology >> M14-239","   M14-239"
"M16-191 CRA Engaged","CRA Window","Overall","Overall","M16-191","Overall",NA,NA,0.440821304325305,0.143683519173466,10,34,1.55398298749141,"Oncology >> M16-191","   M16-191"
"M16-191 MSL Engaged","MSL Window","Overall","Overall","M16-191","Overall",NA,NA,0.0640554413182816,0.161664398061535,10,34,1.06615150596798,"Oncology >> M16-191","   M16-191"
"M16-191 Italy MSL Engaged","MSL Window","Italy","Overall","M16-191","Overall",NA,NA,0.794383375457248,0.814041688241026,10,34,2.21307593904428,"Oncology >> M16-191","   M16-191"
"M16-191 Japan CRA Engaged","CRA Window","Japan","Overall","M16-191","Overall",NA,NA,-0.40917077017726,0.469796094807124,10,34,0.664200796948972,"Oncology >> M16-191","   M16-191"
"M16-191 Japan MSL Engaged","MSL Window","Japan","Overall","M16-191","Overall",NA,NA,0.372911172714022,0.538586792387512,10,34,1.45195536085037,"Oncology >> M16-191","   M16-191"
"M16-191 Spain CRA Engaged","CRA Window","Spain","Overall","M16-191","Overall",NA,NA,-0.243249624984375,0.652191384130702,10,34,0.784075764440164,"Oncology >> M16-191","   M16-191"
"M16-191 Spain MSL Engaged","MSL Window","Spain","Overall","M16-191","Overall",NA,NA,1.3558065317832,0.730395550582214,10,34,3.87988894880354,"Oncology >> M16-191","   M16-191"
"M16-191 Turkey CRA Engaged","CRA Window","Turkey","Overall","M16-191","Overall",NA,NA,-0.301431944986397,0.515004694878665,10,34,0.739758168893836,"Oncology >> M16-191","   M16-191"
"M16-191 Turkey MSL Engaged","MSL Window","Turkey","Overall","M16-191","Overall",NA,NA,0.397141988222684,0.687700651535039,10,34,1.48756713207006,"Oncology >> M16-191","   M16-191"
"M16-191 United States of America CRA Engaged","CRA Window","United States of America","Overall","M16-191","Overall",NA,NA,-0.297486335766733,0.45276087013881,10,34,0.742682731341534,"Oncology >> M16-191","   M16-191"
"M16-191 United States of America MSL Engaged","MSL Window","United States of America","Overall","M16-191","Overall",NA,NA,1.02416725654299,0.486675211212283,10,34,2.78477549116073,"Oncology >> M16-191","   M16-191"
"M18-868 CRA Engaged","CRA Window","Overall","Overall","M18-868","Overall",NA,NA,-0.00310882628545543,0.0610411026971813,30,26,0.996896001111173,"Oncology >> M18-868","   M18-868"
"M18-868 MSL Engaged","MSL Window","Overall","Overall","M18-868","Overall",NA,NA,0.139531972005575,0.0660259126666938,30,26,1.14973556448231,"Oncology >> M18-868","   M18-868"
"M18-868 Australia CRA Engaged","CRA Window","Australia","Overall","M18-868","Overall",NA,NA,-0.731584930008287,0.772122714953169,30,26,0.481145803029343,"Oncology >> M18-868","   M18-868"
"M18-868 Australia MSL Engaged","MSL Window","Australia","Overall","M18-868","Overall",NA,NA,0.157733475809732,0.529778121071851,30,26,1.17085409217924,"Oncology >> M18-868","   M18-868"
"M18-868 Austria CRA Engaged","CRA Window","Austria","Overall","M18-868","Overall",NA,NA,-0.0574042659354496,0.34505410870844,30,26,0.944212279339002,"Oncology >> M18-868","   M18-868"
"M18-868 Austria MSL Engaged","MSL Window","Austria","Overall","M18-868","Overall",NA,NA,0.619810438528819,0.401430678319334,30,26,1.85857569410874,"Oncology >> M18-868","   M18-868"
"M18-868 Brazil CRA Engaged","CRA Window","Brazil","Overall","M18-868","Overall",NA,NA,-0.0933586990335835,0.444922200768098,30,26,0.910866714680523,"Oncology >> M18-868","   M18-868"
"M18-868 Brazil MSL Engaged","MSL Window","Brazil","Overall","M18-868","Overall",NA,NA,0.502088377680423,0.570678199184863,30,26,1.65216802120881,"Oncology >> M18-868","   M18-868"
"M18-868 China CRA Engaged","CRA Window","China","Overall","M18-868","Overall",NA,NA,-0.0903865891713777,0.225449856465956,30,26,0.913577937656869,"Oncology >> M18-868","   M18-868"
"M18-868 China MSL Engaged","MSL Window","China","Overall","M18-868","Overall",NA,NA,-0.155971079016482,0.322125277431473,30,26,0.85558393434207,"Oncology >> M18-868","   M18-868"
"M18-868 France CRA Engaged","CRA Window","France","Overall","M18-868","Overall",NA,NA,-0.292026196387312,0.481941804723294,30,26,0.746748973591789,"Oncology >> M18-868","   M18-868"
"M18-868 France MSL Engaged","MSL Window","France","Overall","M18-868","Overall",NA,NA,0.0733237101366084,0.48024269737844,30,26,1.07607881816181,"Oncology >> M18-868","   M18-868"
"M18-868 Germany CRA Engaged","CRA Window","Germany","Overall","M18-868","Overall",NA,NA,-1.17502300666453,0.691395978616458,30,26,0.308811874875084,"Oncology >> M18-868","   M18-868"
"M18-868 Germany MSL Engaged","MSL Window","Germany","Overall","M18-868","Overall",NA,NA,1.65288729433738,0.657012905045101,30,26,5.22203563536524,"Oncology >> M18-868","   M18-868"
"M18-868 Italy CRA Engaged","CRA Window","Italy","Overall","M18-868","Overall",NA,NA,-1.46102678687458,0.386607604579083,30,26,0.231997939951516,"Oncology >> M18-868","   M18-868"
"M18-868 Italy MSL Engaged","MSL Window","Italy","Overall","M18-868","Overall",NA,NA,-0.283829532459455,0.385706524770129,30,26,0.752894977922736,"Oncology >> M18-868","   M18-868"
"M18-868 Japan CRA Engaged","CRA Window","Japan","Overall","M18-868","Overall",NA,NA,-0.134509875632701,0.249066924345797,30,26,0.874144246106443,"Oncology >> M18-868","   M18-868"
"M18-868 Japan MSL Engaged","MSL Window","Japan","Overall","M18-868","Overall",NA,NA,-0.112877763559446,0.364804106718407,30,26,0.893259842346474,"Oncology >> M18-868","   M18-868"
"M18-868 Netherlands CRA Engaged","CRA Window","Netherlands","Overall","M18-868","Overall",NA,NA,-0.392508862833523,0.395289800876769,30,26,0.675360360719614,"Oncology >> M18-868","   M18-868"
"M18-868 Netherlands MSL Engaged","MSL Window","Netherlands","Overall","M18-868","Overall",NA,NA,-1.1758433929005,0.67499047727375,30,26,0.308558633755398,"Oncology >> M18-868","   M18-868"
"M18-868 South Korea CRA Engaged","CRA Window","South Korea","Overall","M18-868","Overall",NA,NA,-0.213733623673924,0.707237480015175,30,26,0.807563472165136,"Oncology >> M18-868","   M18-868"
"M18-868 South Korea MSL Engaged","MSL Window","South Korea","Overall","M18-868","Overall",NA,NA,-1.48616924379607,0.814071264312806,30,26,0.226237658988702,"Oncology >> M18-868","   M18-868"
"M18-868 Spain CRA Engaged","CRA Window","Spain","Overall","M18-868","Overall",NA,NA,-0.788892860499407,0.326291808975032,30,26,0.454347543036947,"Oncology >> M18-868","   M18-868"
"M18-868 Spain MSL Engaged","MSL Window","Spain","Overall","M18-868","Overall",NA,NA,-0.718212280593814,0.400421986108485,30,26,0.487623210693335,"Oncology >> M18-868","   M18-868"
"M18-868 Taiwan CRA Engaged","CRA Window","Taiwan","Overall","M18-868","Overall",NA,NA,-0.582149082497733,0.364915917815991,30,26,0.558696390820441,"Oncology >> M18-868","   M18-868"
"M18-868 Taiwan MSL Engaged","MSL Window","Taiwan","Overall","M18-868","Overall",NA,NA,-0.814394407062473,0.505768473192295,30,26,0.442907467795655,"Oncology >> M18-868","   M18-868"
"M18-868 Turkey CRA Engaged","CRA Window","Turkey","Overall","M18-868","Overall",NA,NA,-0.627972813933552,0.35993135588823,30,26,0.533672558763422,"Oncology >> M18-868","   M18-868"
"M18-868 Turkey MSL Engaged","MSL Window","Turkey","Overall","M18-868","Overall",NA,NA,-0.242266057804382,0.54538622597604,30,26,0.784847335012239,"Oncology >> M18-868","   M18-868"
"M18-868 United Kingdom CRA Engaged","CRA Window","United Kingdom","Overall","M18-868","Overall",NA,NA,-1.17862961725481,0.857126880398849,30,26,0.307700116741196,"Oncology >> M18-868","   M18-868"
"M18-868 United Kingdom MSL Engaged","MSL Window","United Kingdom","Overall","M18-868","Overall",NA,NA,0.975347639796785,0.864779091106853,30,26,2.65208902243297,"Oncology >> M18-868","   M18-868"
"M18-868 United States of America CRA Engaged","CRA Window","United States of America","Overall","M18-868","Overall",NA,NA,-0.443992677446292,0.434500943895054,30,26,0.641470118009513,"Oncology >> M18-868","   M18-868"
"M18-868 United States of America MSL Engaged","MSL Window","United States of America","Overall","M18-868","Overall",NA,NA,-0.358493816456681,0.478216272413504,30,26,0.698727946439761,"Oncology >> M18-868","   M18-868"
"M19-063 CRA Engaged","CRA Window","Overall","Overall","M19-063","Overall",NA,NA,0.277500206777779,0.0557597286098247,12,22,1.3198263920545,"Oncology >> M19-063","   M19-063"
"M19-063 MSL Engaged","MSL Window","Overall","Overall","M19-063","Overall",NA,NA,0.0511159990774559,0.0596019379962706,12,22,1.0524449688482,"Oncology >> M19-063","   M19-063"
"M19-063 Australia CRA Engaged","CRA Window","Australia","Overall","M19-063","Overall",NA,NA,1.17593457223024,0.903140280269944,12,22,3.24117063688939,"Oncology >> M19-063","   M19-063"
"M19-063 Brazil CRA Engaged","CRA Window","Brazil","Overall","M19-063","Overall",NA,NA,0.633474294152145,0.89729423414806,12,22,1.88414529591057,"Oncology >> M19-063","   M19-063"
"M19-063 Canada CRA Engaged","CRA Window","Canada","Overall","M19-063","Overall",NA,NA,0.979895177590871,0.910934534195445,12,22,2.66417696184478,"Oncology >> M19-063","   M19-063"
"M19-063 China CRA Engaged","CRA Window","China","Overall","M19-063","Overall",NA,NA,0.828680195491642,0.850348362174383,12,22,2.29029400432081,"Oncology >> M19-063","   M19-063"
"M19-063 Czechia CRA Engaged","CRA Window","Czechia","Overall","M19-063","Overall",NA,NA,0.75974525335157,0.87690139621922,12,22,2.13773157117297,"Oncology >> M19-063","   M19-063"
"M19-063 France CRA Engaged","CRA Window","France","Overall","M19-063","Overall",NA,NA,0.308510558973089,0.906648675676452,12,22,1.36139588441421,"Oncology >> M19-063","   M19-063"
"M19-063 Germany CRA Engaged","CRA Window","Germany","Overall","M19-063","Overall",NA,NA,0.648378807525235,0.866229036126358,12,22,1.91243788455151,"Oncology >> M19-063","   M19-063"
"M19-063 Greece CRA Engaged","CRA Window","Greece","Overall","M19-063","Overall",NA,NA,0.562418694178331,0.907481993779629,12,22,1.7549119666002,"Oncology >> M19-063","   M19-063"
"M19-063 Israel CRA Engaged","CRA Window","Israel","Overall","M19-063","Overall",NA,NA,0.964115991837217,0.875141333779735,12,22,2.62246834805551,"Oncology >> M19-063","   M19-063"
"M19-063 Italy CRA Engaged","CRA Window","Italy","Overall","M19-063","Overall",NA,NA,0.852687568124583,0.918372478466036,12,22,2.34594326946361,"Oncology >> M19-063","   M19-063"
"M19-063 Japan CRA Engaged","CRA Window","Japan","Overall","M19-063","Overall",NA,NA,1.03252686987153,0.862957313169757,12,22,2.8081527136045,"Oncology >> M19-063","   M19-063"
"M19-063 South Korea CRA Engaged","CRA Window","South Korea","Overall","M19-063","Overall",NA,NA,0.591883441793296,0.879411971032869,12,22,1.80738932427564,"Oncology >> M19-063","   M19-063"
"M19-063 Spain CRA Engaged","CRA Window","Spain","Overall","M19-063","Overall",NA,NA,0.898459240834253,0.87783235583025,12,22,2.45581637309415,"Oncology >> M19-063","   M19-063"
"M19-063 Taiwan CRA Engaged","CRA Window","Taiwan","Overall","M19-063","Overall",NA,NA,0.43314686103686,0.879098493450616,12,22,1.54210267886965,"Oncology >> M19-063","   M19-063"
"M19-063 United Kingdom CRA Engaged","CRA Window","United Kingdom","Overall","M19-063","Overall",NA,NA,0.885332374727993,0.918113182387691,12,22,2.42378986411556,"Oncology >> M19-063","   M19-063"
"M19-063 United States of America CRA Engaged","CRA Window","United States of America","Overall","M19-063","Overall",NA,NA,0.788434501711938,0.853054206814701,12,22,2.19994971153963,"Oncology >> M19-063","   M19-063"
"M19-753 CRA Engaged","CRA Window","Overall","Overall","M19-753","Overall",NA,NA,0.650704662841557,0.2684374691122,24,42,1.91689111514995,"Oncology >> M19-753","   M19-753"
"M19-753 MSL Engaged","MSL Window","Overall","Overall","M19-753","Overall",NA,NA,-0.155564669128988,0.264051055469516,24,42,0.855931722780111,"Oncology >> M19-753","   M19-753"
"M19-753 Bulgaria CRA Engaged","CRA Window","Bulgaria","Overall","M19-753","Overall",NA,NA,-0.547368107717177,0.574088516009793,24,42,0.578470280112608,"Oncology >> M19-753","   M19-753"
"M19-753 Bulgaria MSL Engaged","MSL Window","Bulgaria","Overall","M19-753","Overall",NA,NA,-0.752872659914179,0.592329519546907,24,42,0.471011551440925,"Oncology >> M19-753","   M19-753"
"M19-753 United States of America CRA Engaged","CRA Window","United States of America","Overall","M19-753","Overall",NA,NA,0.208708939216349,0.709186510749232,24,42,1.23208633432225,"Oncology >> M19-753","   M19-753"
"M19-753 United States of America MSL Engaged","MSL Window","United States of America","Overall","M19-753","Overall",NA,NA,-0.882917408434284,0.768884593054223,24,42,0.413574583966412,"Oncology >> M19-753","   M19-753"
"M20-178 CRA Engaged","CRA Window","Overall","Overall","M20-178","Overall",NA,NA,0.299569797956163,0.124237465541977,15,40,1.34927822045193,"Oncology >> M20-178","   M20-178"
"M20-178 MSL Engaged","MSL Window","Overall","Overall","M20-178","Overall",NA,NA,0.146794620583682,0.130217108607044,15,40,1.15811608539746,"Oncology >> M20-178","   M20-178"
"M20-178 Israel CRA Engaged","CRA Window","Israel","Overall","M20-178","Overall",NA,NA,0.250844249213571,0.654453088797898,15,40,1.28510991186367,"Oncology >> M20-178","   M20-178"
"M20-178 Italy CRA Engaged","CRA Window","Italy","Overall","M20-178","Overall",NA,NA,1.02856179581766,0.49042382678803,15,40,2.79704022561839,"Oncology >> M20-178","   M20-178"
"M20-178 Italy MSL Engaged","MSL Window","Italy","Overall","M20-178","Overall",NA,NA,1.19010279019863,0.533412590876338,15,40,3.2874191044793,"Oncology >> M20-178","   M20-178"
"M20-178 Japan CRA Engaged","CRA Window","Japan","Overall","M20-178","Overall",NA,NA,0.722462076260792,0.495272803412305,15,40,2.05949761379629,"Oncology >> M20-178","   M20-178"
"M20-178 Japan MSL Engaged","MSL Window","Japan","Overall","M20-178","Overall",NA,NA,-0.0280476274287945,0.458649305438451,15,40,0.972342055546398,"Oncology >> M20-178","   M20-178"
"M20-178 Poland CRA Engaged","CRA Window","Poland","Overall","M20-178","Overall",NA,NA,0.0921010502385401,0.527198360660952,15,40,1.09647561560538,"Oncology >> M20-178","   M20-178"
"M20-178 Poland MSL Engaged","MSL Window","Poland","Overall","M20-178","Overall",NA,NA,0.360618394400799,0.680871600793166,15,40,1.43421605156223,"Oncology >> M20-178","   M20-178"
"M20-178 Spain CRA Engaged","CRA Window","Spain","Overall","M20-178","Overall",NA,NA,0.267688370988468,0.562388359645622,15,40,1.30693979619134,"Oncology >> M20-178","   M20-178"
"M20-178 Spain MSL Engaged","MSL Window","Spain","Overall","M20-178","Overall",NA,NA,0.595021351374642,0.563127948968379,15,40,1.81306965607637,"Oncology >> M20-178","   M20-178"
"M20-178 Turkey CRA Engaged","CRA Window","Turkey","Overall","M20-178","Overall",NA,NA,0.161135794506873,0.588387559648385,15,40,1.17484449541112,"Oncology >> M20-178","   M20-178"
"M20-178 Turkey MSL Engaged","MSL Window","Turkey","Overall","M20-178","Overall",NA,NA,-0.747317330815391,0.79349706604482,15,40,0.473635457200344,"Oncology >> M20-178","   M20-178"
"M20-178 United States of America CRA Engaged","CRA Window","United States of America","Overall","M20-178","Overall",NA,NA,0.310927657874887,0.367413983286617,15,40,1.36469049300472,"Oncology >> M20-178","   M20-178"
"M20-178 United States of America MSL Engaged","MSL Window","United States of America","Overall","M20-178","Overall",NA,NA,0.89691639628558,0.384260833042322,15,40,2.45203035156273,"Oncology >> M20-178","   M20-178"
"M20-621 CRA Engaged","CRA Window","Overall","Overall","M20-621","Overall",NA,NA,0.177376034824512,0.135117832256798,35,23,1.19408002438738,"Oncology >> M20-621","   M20-621"
"M20-621 MSL Engaged","MSL Window","Overall","Overall","M20-621","Overall",NA,NA,0.408588460764783,0.116941955945369,35,23,1.50469235310708,"Oncology >> M20-621","   M20-621"
"M20-621 Belgium MSL Engaged","MSL Window","Belgium","Overall","M20-621","Overall",NA,NA,-0.735420830709485,0.724164498999322,35,23,0.479303710806282,"Oncology >> M20-621","   M20-621"
"M20-621 Brazil CRA Engaged","CRA Window","Brazil","Overall","M20-621","Overall",NA,NA,-0.11413061012327,0.829570116892894,35,23,0.892141425570987,"Oncology >> M20-621","   M20-621"
"M20-621 Brazil MSL Engaged","MSL Window","Brazil","Overall","M20-621","Overall",NA,NA,-0.0103273609702638,0.499812077458355,35,23,0.989725783118641,"Oncology >> M20-621","   M20-621"
"M20-621 China CRA Engaged","CRA Window","China","Overall","M20-621","Overall",NA,NA,0.761848969574174,0.635808713204843,35,23,2.14223348547358,"Oncology >> M20-621","   M20-621"
"M20-621 China MSL Engaged","MSL Window","China","Overall","M20-621","Overall",NA,NA,-0.233814844000143,0.618994465140192,35,23,0.791508354849719,"Oncology >> M20-621","   M20-621"
"M20-621 France CRA Engaged","CRA Window","France","Overall","M20-621","Overall",NA,NA,0.422428826121589,0.566068872490357,35,23,1.52566262841267,"Oncology >> M20-621","   M20-621"
"M20-621 France MSL Engaged","MSL Window","France","Overall","M20-621","Overall",NA,NA,-0.679090868735978,0.666433809547561,35,23,0.507077783140146,"Oncology >> M20-621","   M20-621"
"M20-621 Greece CRA Engaged","CRA Window","Greece","Overall","M20-621","Overall",NA,NA,1.85854960145326,0.685561371968923,35,23,6.4144265463518,"Oncology >> M20-621","   M20-621"
"M20-621 Greece MSL Engaged","MSL Window","Greece","Overall","M20-621","Overall",NA,NA,-0.395904620823807,0.658135717635182,35,23,0.673070889822949,"Oncology >> M20-621","   M20-621"
"M20-621 Israel CRA Engaged","CRA Window","Israel","Overall","M20-621","Overall",NA,NA,0.670114679784967,0.54334476341737,35,23,1.95446144500267,"Oncology >> M20-621","   M20-621"
"M20-621 Israel MSL Engaged","MSL Window","Israel","Overall","M20-621","Overall",NA,NA,0.137558025684132,0.506891702565897,35,23,1.14746828667271,"Oncology >> M20-621","   M20-621"
"M20-621 Italy MSL Engaged","MSL Window","Italy","Overall","M20-621","Overall",NA,NA,0.109141618118977,0.487485676494059,35,23,1.11532028871906,"Oncology >> M20-621","   M20-621"
"M20-621 Japan CRA Engaged","CRA Window","Japan","Overall","M20-621","Overall",NA,NA,1.1115088526923,0.49126529019095,35,23,3.03894025007186,"Oncology >> M20-621","   M20-621"
"M20-621 Japan MSL Engaged","MSL Window","Japan","Overall","M20-621","Overall",NA,NA,-0.0107759535727217,0.390396605942339,35,23,0.989281899022877,"Oncology >> M20-621","   M20-621"
"M20-621 Netherlands CRA Engaged","CRA Window","Netherlands","Overall","M20-621","Overall",NA,NA,0.797128731616706,0.578531217733386,35,23,2.21915996829721,"Oncology >> M20-621","   M20-621"
"M20-621 Netherlands MSL Engaged","MSL Window","Netherlands","Overall","M20-621","Overall",NA,NA,0.684071134742359,0.540798583163102,35,23,1.98193003432505,"Oncology >> M20-621","   M20-621"
"M20-621 Poland CRA Engaged","CRA Window","Poland","Overall","M20-621","Overall",NA,NA,0.903893542566665,0.753443331195472,35,23,2.46919834817751,"Oncology >> M20-621","   M20-621"
"M20-621 Poland MSL Engaged","MSL Window","Poland","Overall","M20-621","Overall",NA,NA,0.284035084807399,0.722733584885711,35,23,1.32847953938394,"Oncology >> M20-621","   M20-621"
"M20-621 South Korea CRA Engaged","CRA Window","South Korea","Overall","M20-621","Overall",NA,NA,0.782730756169137,0.579984381151645,35,23,2.18743747540499,"Oncology >> M20-621","   M20-621"
"M20-621 South Korea MSL Engaged","MSL Window","South Korea","Overall","M20-621","Overall",NA,NA,1.07734449157801,0.551797728254338,35,23,2.93687030306858,"Oncology >> M20-621","   M20-621"
"M20-621 Spain CRA Engaged","CRA Window","Spain","Overall","M20-621","Overall",NA,NA,0.587701759130736,0.556377480510166,35,23,1.79984717609942,"Oncology >> M20-621","   M20-621"
"M20-621 Spain MSL Engaged","MSL Window","Spain","Overall","M20-621","Overall",NA,NA,-0.207422345729167,0.431027791964599,35,23,0.812676347112025,"Oncology >> M20-621","   M20-621"
"M20-638 CRA Engaged","CRA Window","Overall","Overall","M20-638","Overall",NA,NA,0.353241458995259,0.149510743404756,40,29,1.4236748610366,"Oncology >> M20-638","   M20-638"
"M20-638 MSL Engaged","MSL Window","Overall","Overall","M20-638","Overall",NA,NA,0.162832434018924,0.145470931760903,40,29,1.1768394749045,"Oncology >> M20-638","   M20-638"
"M20-638 Brazil CRA Engaged","CRA Window","Brazil","Overall","M20-638","Overall",NA,NA,-0.0344030821213822,0.596044727046832,40,29,0.966181975456348,"Oncology >> M20-638","   M20-638"
"M20-638 Brazil MSL Engaged","MSL Window","Brazil","Overall","M20-638","Overall",NA,NA,-0.898529784143872,0.573816014355756,40,29,0.407167844523597,"Oncology >> M20-638","   M20-638"
"M20-638 France CRA Engaged","CRA Window","France","Overall","M20-638","Overall",NA,NA,0.0662301752253662,0.495461570885302,40,29,1.0684726247912,"Oncology >> M20-638","   M20-638"
"M20-638 France MSL Engaged","MSL Window","France","Overall","M20-638","Overall",NA,NA,-0.239855476550895,0.600246628759648,40,29,0.786741555453751,"Oncology >> M20-638","   M20-638"
"M20-638 Greece CRA Engaged","CRA Window","Greece","Overall","M20-638","Overall",NA,NA,0.939154066610405,0.632578597806347,40,29,2.55781676027811,"Oncology >> M20-638","   M20-638"
"M20-638 Greece MSL Engaged","MSL Window","Greece","Overall","M20-638","Overall",NA,NA,-0.848725095655475,0.805184732893152,40,29,0.427960192606119,"Oncology >> M20-638","   M20-638"
"M20-638 Israel CRA Engaged","CRA Window","Israel","Overall","M20-638","Overall",NA,NA,-1.06677415119249,0.818886884403408,40,29,0.344116797646742,"Oncology >> M20-638","   M20-638"
"M20-638 Israel MSL Engaged","MSL Window","Israel","Overall","M20-638","Overall",NA,NA,-0.0829292850010528,0.578261251279333,40,29,0.920416232151745,"Oncology >> M20-638","   M20-638"
"M20-638 Italy MSL Engaged","MSL Window","Italy","Overall","M20-638","Overall",NA,NA,0.201476154282574,0.582317078677996,40,29,1.22320706846493,"Oncology >> M20-638","   M20-638"
"M20-638 Netherlands CRA Engaged","CRA Window","Netherlands","Overall","M20-638","Overall",NA,NA,-0.527084244830802,0.708756589146656,40,29,0.590323702145179,"Oncology >> M20-638","   M20-638"
"M20-638 Netherlands MSL Engaged","MSL Window","Netherlands","Overall","M20-638","Overall",NA,NA,-1.08563868088185,0.80866514025139,40,29,0.337686043386761,"Oncology >> M20-638","   M20-638"
"M20-638 Poland CRA Engaged","CRA Window","Poland","Overall","M20-638","Overall",NA,NA,-0.692219518474481,0.662997741405988,40,29,0.500464046248509,"Oncology >> M20-638","   M20-638"
"M20-638 Poland MSL Engaged","MSL Window","Poland","Overall","M20-638","Overall",NA,NA,0.382499762478038,0.651269017458135,40,29,1.4659445261635,"Oncology >> M20-638","   M20-638"
"M20-638 Spain CRA Engaged","CRA Window","Spain","Overall","M20-638","Overall",NA,NA,0.562316276119661,0.447497251797528,40,29,1.75473224112717,"Oncology >> M20-638","   M20-638"
"M20-638 Spain MSL Engaged","MSL Window","Spain","Overall","M20-638","Overall",NA,NA,-0.109223339770902,0.409681306672258,40,29,0.896530164295316,"Oncology >> M20-638","   M20-638"
"M21-103 CRA Engaged","CRA Window","Overall","Overall","M21-103","Overall",NA,NA,0.817147511975651,0.295265431516037,40,44,2.26403249233415,"Oncology >> M21-103","   M21-103"
"M21-103 MSL Engaged","MSL Window","Overall","Overall","M21-103","Overall",NA,NA,-0.111311004706563,0.243029871549503,40,44,0.894660462042537,"Oncology >> M21-103","   M21-103"
"M22-132 CRA Engaged","CRA Window","Overall","Overall","M22-132","Overall",NA,NA,0.299268868491434,0.202890700178009,48,63,1.34887224396749,"Oncology >> M22-132","   M22-132"
"M22-132 MSL Engaged","MSL Window","Overall","Overall","M22-132","Overall",NA,NA,0.179761240597738,0.2369569255435,48,63,1.19693155034142,"Oncology >> M22-132","   M22-132"
"M22-132 France CRA Engaged","CRA Window","France","Overall","M22-132","Overall",NA,NA,0.741284010975007,0.706609581473432,48,63,2.09862844720548,"Oncology >> M22-132","   M22-132"
"M22-132 France MSL Engaged","MSL Window","France","Overall","M22-132","Overall",NA,NA,0.332782806031188,0.879705116893243,48,63,1.39484431379538,"Oncology >> M22-132","   M22-132"
"M22-132 Israel CRA Engaged","CRA Window","Israel","Overall","M22-132","Overall",NA,NA,-1.107325801216,0.598652514021915,48,63,0.330441446693223,"Oncology >> M22-132","   M22-132"
"M22-132 Israel MSL Engaged","MSL Window","Israel","Overall","M22-132","Overall",NA,NA,0.192446774938073,0.736320506721957,48,63,1.21221198193256,"Oncology >> M22-132","   M22-132"
"M22-132 South Korea CRA Engaged","CRA Window","South Korea","Overall","M22-132","Overall",NA,NA,-1.27425916965393,0.753106066988328,48,63,0.279638055861231,"Oncology >> M22-132","   M22-132"
"M22-132 Spain CRA Engaged","CRA Window","Spain","Overall","M22-132","Overall",NA,NA,-0.0885780562140448,0.614724034608086,48,63,0.915231668428764,"Oncology >> M22-132","   M22-132"
"M22-132 Spain MSL Engaged","MSL Window","Spain","Overall","M22-132","Overall",NA,NA,0.167239002093789,0.879604915516071,48,63,1.18203674080689,"Oncology >> M22-132","   M22-132"
"M22-132 United States of America CRA Engaged","CRA Window","United States of America","Overall","M22-132","Overall",NA,NA,0.0374666500466287,0.692825769649462,48,63,1.03817737333749,"Oncology >> M22-132","   M22-132"
"M22-132 United States of America MSL Engaged","MSL Window","United States of America","Overall","M22-132","Overall",NA,NA,0.633779080878619,0.785694604628077,48,63,1.8847196459102,"Oncology >> M22-132","   M22-132"
"M22-137 CRA Engaged","CRA Window","Overall","Overall","M22-137","Overall",NA,NA,-0.162265652421793,0.256001558282259,27,33,0.85021531278033,"Oncology >> M22-137","   M22-137"
"M22-137 MSL Engaged","MSL Window","Overall","Overall","M22-137","Overall",NA,NA,0.166340932707175,0.259842523677519,27,33,1.18097566632669,"Oncology >> M22-137","   M22-137"
"M22-137 Taiwan CRA Engaged","CRA Window","Taiwan","Overall","M22-137","Overall",NA,NA,0.908856085265855,0.838154943809224,27,33,2.48148230503375,"Oncology >> M22-137","   M22-137"
"M22-137 Taiwan MSL Engaged","MSL Window","Taiwan","Overall","M22-137","Overall",NA,NA,-0.2467778787934,0.5775782747208,27,33,0.781314220716069,"Oncology >> M22-137","   M22-137"
"M22-947 CRA Engaged","CRA Window","Overall","Overall","M22-947","Overall",NA,NA,0.225039626532968,0.15916649810929,15,28,1.25237234238251,"Oncology >> M22-947","   M22-947"
"M22-947 MSL Engaged","MSL Window","Overall","Overall","M22-947","Overall",NA,NA,-0.206771114966572,0.19021627669919,15,28,0.813205759315343,"Oncology >> M22-947","   M22-947"
"M22-947 Germany CRA Engaged","CRA Window","Germany","Overall","M22-947","Overall",NA,NA,0.0123631899552808,0.625475225550426,15,28,1.01243993011317,"Oncology >> M22-947","   M22-947"
"M22-947 Germany MSL Engaged","MSL Window","Germany","Overall","M22-947","Overall",NA,NA,0.235538737740983,0.851392647582437,15,28,1.265590406421,"Oncology >> M22-947","   M22-947"
"M22-947 Japan CRA Engaged","CRA Window","Japan","Overall","M22-947","Overall",NA,NA,-0.0883076982059349,0.65620782853807,15,28,0.915479142091336,"Oncology >> M22-947","   M22-947"
"M22-947 Japan MSL Engaged","MSL Window","Japan","Overall","M22-947","Overall",NA,NA,0.269147481307829,0.990725756833469,15,28,1.30884815745097,"Oncology >> M22-947","   M22-947"
"M22-947 Poland CRA Engaged","CRA Window","Poland","Overall","M22-947","Overall",NA,NA,0.0762009610754657,0.493090697087214,15,28,1.07917942542518,"Oncology >> M22-947","   M22-947"
"M22-947 Poland MSL Engaged","MSL Window","Poland","Overall","M22-947","Overall",NA,NA,0.489910657128205,0.773783637701082,15,28,1.63217039065111,"Oncology >> M22-947","   M22-947"
"M22-947 Spain CRA Engaged","CRA Window","Spain","Overall","M22-947","Overall",NA,NA,0.300676844027602,0.515948449833114,15,28,1.35077276071499,"Oncology >> M22-947","   M22-947"
"M22-947 Spain MSL Engaged","MSL Window","Spain","Overall","M22-947","Overall",NA,NA,0.86834326000467,0.72130254062423,15,28,2.3829596368211,"Oncology >> M22-947","   M22-947"
"M22-947 United States of America CRA Engaged","CRA Window","United States of America","Overall","M22-947","Overall",NA,NA,0.285479073902666,0.471105619951835,15,28,1.33039923502832,"Oncology >> M22-947","   M22-947"
"M22-947 United States of America MSL Engaged","MSL Window","United States of America","Overall","M22-947","Overall",NA,NA,0.596040357279674,0.702253481180774,15,28,1.81491812640328,"Oncology >> M22-947","   M22-947"
"M23-362 CRA Engaged","CRA Window","Overall","Overall","M23-362","Overall",NA,NA,-0.144022982620861,0.299139478996602,20,24,0.865867847918063,"Oncology >> M23-362","   M23-362"
"M23-362 MSL Engaged","MSL Window","Overall","Overall","M23-362","Overall",NA,NA,-0.199797487440474,0.374124835701724,20,24,0.818896573128105,"Oncology >> M23-362","   M23-362"
"Specialty CRA Engaged","CRA Window","Overall","Overall","Specialty","Overall",NA,NA,0.363402220463121,0.0751494324166568,NA,NA,1.43821422210921,"Specialty","Specialty"
"Specialty MSL Engaged","MSL Window","Overall","Overall","Specialty","Overall",NA,NA,-0.0659546007893672,0.102848506279583,NA,NA,0.936173364858646,"Specialty","Specialty"
"Specialty France CRA Engaged","CRA Window","France","Overall","Specialty","Overall",NA,NA,0.935457456081407,0.624651679759661,NA,NA,2.54837896258921,"Specialty","Specialty"
"Specialty Italy CRA Engaged","CRA Window","Italy","Overall","Specialty","Overall",NA,NA,0.629667421093208,0.697445324490256,NA,NA,1.87698622941906,"Specialty","Specialty"
"Specialty United States of America CRA Engaged","CRA Window","United States of America","Overall","Specialty","Overall",NA,NA,0.306637547917733,0.218170541883674,NA,NA,1.35884836138614,"Specialty","Specialty"
"M18-969 CRA Engaged","CRA Window","Overall","Overall","M18-969","Overall",NA,NA,0.427685497593951,0.0877666025452544,22,166,1.53370365162036,"Specialty >> M18-969","   M18-969"
"M18-969 MSL Engaged","MSL Window","Overall","Overall","M18-969","Overall",NA,NA,-0.0238623164941297,0.109550943134523,22,166,0.976420137451185,"Specialty >> M18-969","   M18-969"
"M20-350 CRA Engaged","CRA Window","Overall","Overall","M20-350","Overall",NA,NA,0.23435496613885,0.147016141572069,20,173,1.26409312283369,"Specialty >> M20-350","   M20-350"
"M20-350 MSL Engaged","MSL Window","Overall","Overall","M20-350","Overall",NA,NA,-0.351025884734176,0.297371706728033,20,173,0.703965531659127,"Specialty >> M20-350","   M20-350"
"M20-350 France CRA Engaged","CRA Window","France","Overall","M20-350","Overall",NA,NA,0.969241581653067,0.61754743583131,20,173,2.63594455235693,"Specialty >> M20-350","   M20-350"
"M20-350 Italy CRA Engaged","CRA Window","Italy","Overall","M20-350","Overall",NA,NA,0.703649208381708,0.699041697697717,20,173,2.02111473534634,"Specialty >> M20-350","   M20-350"
"M20-350 United States of America CRA Engaged","CRA Window","United States of America","Overall","M20-350","Overall",NA,NA,0.194590091477424,0.324026745002377,20,173,1.21481292224615,"Specialty >> M20-350","   M20-350"
